age,salary
24,21.5
50,47.5
15,17.2
38,36.6
87,87.3
36,32.5
12,10.8
81,80.8
25,24.6
5,7.0
16,11.2
16,13.5
24,24.6
39,39.4
54,48.4
60,61.7
26,26.9
73,70.4
29,29.3
31,25.3
68,69.0
87,85.0
58,57.0
54,50.6
84,83.0
58,57.1
49,48.0
20,24.3
90,94.7
48,48.0
4,7.1
25,22.0
42,42.3
0,0.3
60,61.9
93,91.2
39,39.5
7,6.0
21,22.6
68,61.2
84,85.0
0,-1.3
58,61.9
19,22.0
36,33.7
19,17.6
59,58.6
51,52.8
19,22.1
33,35.1
85,86.2
44,42.6
5,4.1
59,61.2
14,17.7
9,11.9
75,80.2
69,62.6
10,9.6
17,20.0
58,61.8
74,71.6
21,23.8
51,51.9
19,22.7
50,50.0
24,26.7
0,0.4
12,6.8
75,77.3
21,28.9
64,66.7
5,0.7
58,57.1
32,28.4
41,44.5
7,7.5
4,2.3
5,4.9
49,52.5
90,91.2
3,8.5
11,7.0
32,32.0
83,81.4
25,22.6
83,78.5
26,25.8
76,73.5
95,91.8
53,49.2
77,80.5
42,50.1
25,25.5
54,55.3
55,59.1
0,1.1
73,72.0
35,30.1
86,83.9
90,89.9
13,8.3
46,47.9
46,45.0
32,31.2
8,9.2
71,74.8
28,30.2
24,24.2
56,57.9
49,50.6
79,78.7
90,86.2
89,89.1
41,43.3
27,26.7
58,59.5
26,28.9
31,31.3
70,71.1
71,68.5
39,40.0
7,4.1
48,47.9
56,51.2
45,43.9
41,38.1
3,3.6
37,36.4
24,22.2
68,63.5
47,49.9
27,21.5
68,64.1
74,70.8
95,92.2
79,81.2
21,25.1
95,94.1
54,53.3
56,59.2
80,75.2
26,28.2
25,25.3
8,6.4
95,95.5
94,88.6
54,58.7
7,6.8
99,99.4
36,32.8
48,47.1
65,60.5
42,40.3
93,89.4
86,86.8
26,26.1
51,53.3
100,96.6
94,95.8
6,6.0
24,24.5
75,76.0
7,3.8
53,52.5
73,72.8
16,14.1
80,80.9
77,77.0
89,86.3
80,77.1
55,51.5
19,17.3
56,57.7
47,44.2
56,59.2
2,-1.1
82,86.8
57,60.1
44,44.0
26,24.5
52,53.0
41,43.2
44,45.7
3,-2.8
31,29.2
97,96.5
21,22.5
17,20.1
7,4.0
61,61.1
10,14.0
52,55.3
10,12.2
65,64.0
71,70.3
4,-0.9
24,18.9
26,23.9
51,47.6
42,43.3
62,66.5
74,75.7
77,80.6
3,-2.2
50,47.0
24,21.6
37,32.9
58,58.0
52,52.2
27,24.6
14,12.1
100,100.0
3530.157369,
72,74.0
5,1.6
71,70.4
54,52.3
84,83.1
42,43.6
54,49.4
74,72.6
54,52.8
53,57.1
78,79.1
97,101.6
49,53.6
71,68.9
48,47.0
51,51.0
89,85.5
99,99.5
93,94.6
49,46.8
18,21.2
65,58.4
83,87.2
100,102.5
41,43.9
52,53.1
29,26.3
97,98.5
7,9.4
51,52.9
58,53.8
50,45.9
67,65.0
89,86.5
76,75.6
35,36.8
99,100.5
31,29.0
52,51.7
11,9.2
66,71.7
50,49.8
39,37.5
60,53.7
35,33.9
53,49.9
14,8.1
49,49.7
16,16.2
76,75.3
13,9.6
51,48.4
70,73.0
98,92.6
86,88.9
100,99.0
46,45.1
51,46.9
50,48.3
91,94.9
48,47.8
81,81.3
38,37.8
40,39.7
79,76.9
96,88.0
60,57.0
70,72.6
44,45.0
11,12.0
6,1.9
5,1.6
72,66.3
55,57.5
95,94.7
41,41.2
25,25.0
1,3.8
55,50.5
4,9.7
48,48.9
55,54.4
75,71.7
68,69.4
100,100.0
25,26.0
75,75.5
34,36.6
38,41.0
92,86.8
21,15.5
88,85.9
75,79.2
76,80.8
44,48.6
10,13.9
21,27.3
16,14.0
32,33.7
13,13.1
26,24.8
70,73.7
77,77.5
77,76.2
88,88.1
35,35.0
24,21.7
17,17.3
91,94.4
32,33.4
36,32.5
89,90.6
69,71.3
30,31.2
6,5.4
22,18.6
67,72.0
9,5.2
74,73.6
50,49.8
85,82.7
3,1.7
0,-3.8
59,62.0
62,61.3
17,13.2
90,88.6
23,21.1
19,23.9
93,92.0
14,10.3
58,54.1
87,87.0
37,37.7
20,19.6
35,34.8
63,62.0
56,52.7
62,58.1
98,97.2
90,90.5
51,50.5
93,94.5
22,21.1
38,37.4
13,10.3
98,96.0
99,100.1
31,30.6
94,96.2
73,71.3
37,34.6
23,19.0
11,10.8
88,90.6
47,48.7
79,78.7
91,85.2
71,71.7
10,8.9
39,39.9
92,91.9
99,99.1
28,26.2
32,33.2
32,35.7
75,76.9
99,99.3
27,25.8
64,67.9
98,98.5
38,31.1
46,45.5
13,12.7
96,95.6
9,9.5
34,36.1
49,46.4
1,-3.8
50,49.0
94,93.3
27,23.5
20,17.1
12,14.6
45,41.5
91,91.6
61,66.2
10,9.2
47,47.4
33,34.8
84,86.1
24,21.8
48,48.9
48,46.8
9,12.9
93,94.6
99,95.0
8,2.4
20,21.5
38,35.8
78,82.1
81,78.9
42,47.2
95,96.2
78,78.4
44,42.9
68,64.4
87,84.2
58,57.3
52,52.5
26,25.7
75,75.4
48,53.6
71,75.1
77,74.1
34,36.2
24,20.2
70,66.9
29,34.1
76,73.1
98,92.9
28,28.4
87,85.6
9,10.7
87,86.1
33,33.2
64,66.1
17,19.3
49,48.8
95,93.7
75,75.5
89,91.2
81,87.2
25,25.5
47,46.1
50,49.7
5,7.4
68,71.1
84,83.5
8,8.8
41,33.3
26,26.4
89,91.7
78,82.5
34,36.7
92,87.0
27,32.3
12,16.8
2,1.6
22,17.5
0,2.1
26,24.3
50,48.3
84,85.5
70,73.7
66,63.2
42,38.5
19,19.5
94,94.1
71,67.9
19,22.6
16,16.0
49,48.4
29,29.7
29,26.7
86,86.3
50,50.8
86,88.6
30,32.6
23,21.0
20,20.7
16,20.4
57,57.3
8,7.0
8,10.2
62,64.9
55,55.4
30,31.2
86,90.7
62,58.8
51,55.9
61,60.2
86,85.0
61,60.4
21,18.4
81,82.2
97,94.3
5,7.7
61,61.0
47,53.6
98,94.5
30,28.0
63,62.6
0,1.4
100,101.7
18,13.8
30,29.0
98,99.0
16,15.6
22,24.6
55,54.0
43,42.9
75,74.3
91,91.2
46,49.4
85,82.5
55,56.2
36,37.2
49,46.4
94,97.0
43,40.8
22,24.1
37,41.1
24,22.0
95,100.7
61,61.2
75,74.4
68,69.0
58,56.7
5,5.9
53,55.7
80,79.2
83,86.3
25,25.3
34,36.3
26,27.7
90,94.8
60,58.7
49,56.2
19,18.4
92,86.3
29,26.6
8,8.5
57,56.2
29,27.7
19,20.9
81,77.8
50,50.0
15,9.3
70,75.0
39,38.3
43,44.7
21,22.5
98,102.5
86,86.8
16,13.9
25,24.8
31,33.9
93,92.3
67,68.7
49,47.4
25,32.4
88,87.7
54,54.6
21,18.1
8,7.9
32,35.0
35,36.7
67,65.8
90,89.6
59,61.7
15,11.6
67,71.1
42,43.7
44,41.6
77,74.3
68,66.3
36,36.6
11,10.3
10,7.2
65,67.9
98,101.1
98,98.6
49,50.2
31,27.8
56,55.9
70,76.5
91,92.1
25,27.4
54,55.3
39,41.4
91,93.6
3,5.3
22,21.0
2,2.3
2,-0.1
65,66.5
71,73.8
42,42.1
76,77.4
43,41.0
8,14.8
86,83.3
87,89.9
3,2.3
58,55.6
62,62.2
89,89.6
95,94.0
28,26.8
0,-0.8
1,0.3
49,44.3
21,19.9
46,47.2
11,8.4
89,92.1
37,41.9
29,30.5
44,46.9
96,96.4
16,17.9
74,71.7
35,32.6
42,39.3
16,17.0
56,52.9
18,15.9
100,108.9
54,49.3
92,89.5
63,63.7
81,83.8
73,73.5
48,46.8
1,5.8
85,85.2
14,10.6
25,21.4
45,46.1
98,95.2
97,94.2
58,54.5
93,87.4
88,88.5
89,84.5
47,48.8
6,10.8
34,30.5
30,29.8
16,13.5
86,86.1
40,43.3
52,51.9
15,16.5
4,8.0
95,97.7
99,89.8
35,38.1
58,60.3
10,6.7
16,18.4
53,56.4
58,62.8
42,41.3
24,19.4
84,82.9
64,63.6
12,11.3
61,60.0
75,72.6
15,11.9
100,100.7
43,45.1
13,14.8
48,48.1
45,42.3
52,52.7
34,36.7
30,28.6
65,62.2
100,95.6
67,66.0
99,100.0
45,46.1
87,89.1
73,69.7
9,12.3
81,78.2
72,71.3
81,81.5
58,58.6
93,94.6
82,88.6
66,63.6
97,95.0
